{"cameraMode":{"drawMode":0,"name":"Shaded","section":"Shading Mode"},"sceneLighting":true,"audioPlay":false,"sceneViewState":{"showFog":true,"showMaterialUpdate":false,"showSkybox":true,"showFlares":true,"showImageEffects":true,"showParticleSystems":true},"in2DMode":false,"pivot":{"x":1.771679401397705,"y":2.754863977432251,"z":-22.477523803710939},"rotation":{"x":0.0008515561930835247,"y":0.9975279569625855,"z":-0.0692492127418518,"w":0.012271225452423096},"size":22.40585708618164,"orthographic":false}